{
    "camera_matrix": [
        [
            868.7541871648913,
            0.0,
            620.3840840093332
        ],
        [
            0.0,
            868.9684690475292,
            396.49211724257924
        ],
        [
            0.0,
            0.0,
            1.0
        ]
    ],
    "dist_coeff": [
        [
            0.018084880662207384,
            -0.08835866528392598,
            0.007361891065211232,
            -0.005656729638569395,
            0.002519438469742445
        ]
    ],
    "rvecs": [
        [
            [
                1.4736968228849188
            ],
            [
                1.7277577976898133
            ],
            [
                -0.22616576825393864
            ]
        ],
        [
            [
                2.7914330682760395
            ],
            [
                0.3229960557670989
            ],
            [
                0.5176046582144394
            ]
        ],
        [
            [
                2.547336810732633
            ],
            [
                1.485858791707328
            ],
            [
                0.11677980557345238
            ]
        ],
        [
            [
                3.083876277847609
            ],
            [
                0.37326382750345255
            ],
            [
                -0.07432294714602908
            ]
        ],
        [
            [
                2.183090015974485
            ],
            [
                1.1741686849956212
            ],
            [
                0.19815187923056105
            ]
        ],
        [
            [
                2.9503872379600637
            ],
            [
                -0.440160115360246
            ],
            [
                0.03491582329038809
            ]
        ],
        [
            [
                2.8722647987067984
            ],
            [
                -0.782759185743039
            ],
            [
                -0.5118908111965809
            ]
        ],
        [
            [
                2.6079438753722037
            ],
            [
                1.0491564920443948
            ],
            [
                -0.20588502327938038
            ]
        ],
        [
            [
                2.2090520712231174
            ],
            [
                0.6086161768127671
            ],
            [
                -0.08617769741009967
            ]
        ],
        [
            [
                2.835682589796719
            ],
            [
                -0.7754762493776944
            ],
            [
                0.00744840308792001
            ]
        ],
        [
            [
                2.9809738250205373
            ],
            [
                0.01030025786962165
            ],
            [
                -0.2640763073640309
            ]
        ],
        [
            [
                0.7437815917752615
            ],
            [
                2.953018701037792
            ],
            [
                0.027695496469739348
            ]
        ],
        [
            [
                2.903734855500572
            ],
            [
                -0.3732350321988242
            ],
            [
                0.1210447245858569
            ]
        ],
        [
            [
                2.7946103376407847
            ],
            [
                0.9967086770776289
            ],
            [
                -0.15584082005856492
            ]
        ],
        [
            [
                2.7766999084670796
            ],
            [
                0.12285742969617666
            ],
            [
                -0.05076064325774189
            ]
        ],
        [
            [
                2.8174175083973383
            ],
            [
                -0.7481925486713275
            ],
            [
                0.43469261679682625
            ]
        ],
        [
            [
                2.888756975236915
            ],
            [
                1.1942169838312404
            ],
            [
                0.15013652080439782
            ]
        ],
        [
            [
                2.8161375701701847
            ],
            [
                -0.14791524562880393
            ],
            [
                0.03575963566744861
            ]
        ],
        [
            [
                2.8605026060038146
            ],
            [
                0.9208619336929497
            ],
            [
                -0.3833254968090542
            ]
        ],
        [
            [
                2.820965391160303
            ],
            [
                0.6570316168240627
            ],
            [
                -0.21668983407129988
            ]
        ],
        [
            [
                2.5078429725691387
            ],
            [
                -1.1218056916201875
            ],
            [
                0.5905459392416978
            ]
        ],
        [
            [
                2.099960243800871
            ],
            [
                -1.2652580143722911
            ],
            [
                0.4480395546651817
            ]
        ],
        [
            [
                1.5669956607924709
            ],
            [
                2.0024277126031946
            ],
            [
                0.025006947074112315
            ]
        ],
        [
            [
                2.638261740291454
            ],
            [
                0.4933066998656226
            ],
            [
                0.3791302763240535
            ]
        ],
        [
            [
                -1.4700483535896849
            ],
            [
                -2.6913561031036073
            ],
            [
                0.11313552876055893
            ]
        ],
        [
            [
                1.366692440233916
            ],
            [
                2.06247634728627
            ],
            [
                -0.2592447839821771
            ]
        ],
        [
            [
                1.9714797513446414
            ],
            [
                2.440144187731112
            ],
            [
                -0.4280706182375871
            ]
        ],
        [
            [
                -2.4289128498327024
            ],
            [
                -1.2618644381462323
            ],
            [
                0.15640166295488517
            ]
        ],
        [
            [
                -2.529540966767745
            ],
            [
                -0.8245773640753419
            ],
            [
                -0.3760040784340584
            ]
        ],
        [
            [
                -2.0959886533320558
            ],
            [
                -0.7670446350410138
            ],
            [
                -0.2498817709162047
            ]
        ]
    ],